Genre,Runtime_Class,Entries,Mean_Score,Mean_Popularity,Bayesian_Rating,Rating_SD,Rating_SE,SE_Lower,SE_Upper
"Action","Long-Run (>2400m)",38,73.5526,161598,72.8568,6.17306,1.0014,71.8553,73.8582
"Action","Double-Cour (400-800m)",402,70.6716,88899,70.4779,5.95249,0.296883,70.181,70.7747
"Action","Multi-Cour (800-2400m)",185,70.4432,30987,69.6536,4.8351,0.355484,69.2981,70.0091
"Action","Feature Films/Short Series (40-200m)",1041,68.3391,22283,68.8172,4.85889,0.150595,68.6666,68.9678
"Action","Single-Cour (200-400m)",1070,67.3103,67641,67.9043,6.61309,0.202168,67.7021,68.1065
"Action","Short Films/Music Videos (<40m)",366,64.276,10206,66.5485,4.07323,0.212911,66.3356,66.7614
"Adventure","Long-Run (>2400m)",34,73.1765,166855,72.3111,6.06966,1.04094,71.2702,73.3521
"Adventure","Double-Cour (400-800m)",278,70.205,71504,69.958,5.60417,0.336116,69.6218,70.2941
"Adventure","Multi-Cour (800-2400m)",188,69.9628,26154,69.0888,3.961,0.288885,68.7999,69.3777
"Adventure","Feature Films/Short Series (40-200m)",687,68.1557,21615,68.5788,4.36771,0.166639,68.4121,68.7454
"Adventure","Single-Cour (200-400m)",532,67.6372,65162,68.1693,6.48262,0.281057,67.8883,68.4504
"Adventure","Short Films/Music Videos (<40m)",203,65.0739,8644,66.9452,3.0284,0.212552,66.7326,67.1577
"Comedy","Long-Run (>2400m)",40,73.3,109221,72.1638,4.77796,0.755462,71.4083,72.9192
"Comedy","Double-Cour (400-800m)",312,71.3141,70323,70.8455,5.39129,0.305222,70.5403,71.1507
"Comedy","Multi-Cour (800-2400m)",189,71.4286,20918,69.8829,4.13941,0.301098,69.5818,70.184
"Comedy","Single-Cour (200-400m)",1188,68.7071,64408,68.9826,5.70843,0.165618,68.8169,69.1482
"Comedy","Feature Films/Short Series (40-200m)",1071,67.1251,15845,67.9144,4.5906,0.140273,67.7741,68.0547
"Comedy","Short Films/Music Videos (<40m)",931,64.116,9847,66.593,3.4267,0.112305,66.4807,66.7053
"Drama","Long-Run (>2400m)",16,75.125,118709,73.6783,6.39817,1.59954,72.0787,75.2778
"Drama","Double-Cour (400-800m)",319,73.2665,97385,72.4537,6.66299,0.373056,72.0807,72.8268
"Drama","Multi-Cour (800-2400m)",133,74.5564,38294,72.2028,5.26471,0.456509,71.7463,72.6593
"Drama","Feature Films/Short Series (40-200m)",766,70.1214,32331,70.1145,5.98337,0.216188,69.8983,70.3307
"Drama","Single-Cour (200-400m)",789,69.872,73523,70.0498,6.70697,0.238774,69.8111,70.2886
"Drama","Short Films/Music Videos (<40m)",202,66.2228,11514,67.631,3.99578,0.281142,67.3498,67.9121
"Ecchi","Long-Run (>2400m)",1,77,10756,72.696,N/A,N/A,N/A,N/A
"Ecchi","Double-Cour (400-800m)",37,67.9189,88671,68.0601,4.40581,0.724311,67.3358,68.7844
"Ecchi","Multi-Cour (800-2400m)",1,66,3491,66.7745,N/A,N/A,N/A,N/A
"Ecchi","Single-Cour (200-400m)",330,64.2727,69342,65.4073,5.30048,0.291782,65.1155,65.6991
"Ecchi","Feature Films/Short Series (40-200m)",242,60.4504,17973,64.5672,5.12368,0.329362,64.2378,64.8966
"Ecchi","Short Films/Music Videos (<40m)",218,59.7156,11280,64.4443,3.4247,0.23195,64.2124,64.6763
"Fantasy","Long-Run (>2400m)",26,72.4231,190283,72.1931,6.41897,1.25886,70.9343,73.452
"Fantasy","Double-Cour (400-800m)",233,70.0644,75822,69.858,5.52973,0.362265,69.4958,70.2203
"Fantasy","Multi-Cour (800-2400m)",148,70.1351,24711,69.1746,4.11959,0.338628,68.836,69.5132
"Fantasy","Feature Films/Short Series (40-200m)",673,68.4131,25707,68.8871,5.36867,0.206947,68.6801,69.094
"Fantasy","Single-Cour (200-400m)",813,67.8782,69126,68.1604,6.2546,0.219358,67.9411,68.3798
"Fantasy","Short Films/Music Videos (<40m)",383,64.6397,10156,66.8713,3.51856,0.17979,66.6915,67.0511
"Hentai","Short Films/Music Videos (<40m)",255,62.8235,3391,66.045,2.53394,0.158682,65.8863,66.2037
"Hentai","Feature Films/Short Series (40-200m)",404,62.297,3588,65.9538,1.84514,0.0917994,65.862,66.0456
"Hentai","Single-Cour (200-400m)",3,60,2717,65.5128,1.59515,0.920962,64.5919,66.4338
"Hentai","Multi-Cour (800-2400m)",1,58,2966,64.6997,N/A,N/A,N/A,N/A
"Horror","Double-Cour (400-800m)",37,70.2973,88709,70.5329,5.25768,0.864357,69.6685,71.3973
"Horror","Multi-Cour (800-2400m)",10,70.3,46155,69.7254,6.5559,2.07316,67.6523,71.7986
"Horror","Single-Cour (200-400m)",101,66.4257,96279,67.1443,6.89198,0.685778,66.4585,67.83
"Horror","Feature Films/Short Series (40-200m)",145,61.0138,18706,65.6307,6.583,0.546689,65.084,66.1774
"Horror","Short Films/Music Videos (<40m)",41,52.5122,12730,62.6861,6.78373,1.05944,61.6267,63.7455
"Mahou Shoujo","Multi-Cour (800-2400m)",74,71.7838,11458,69.5571,2.68437,0.312052,69.2451,69.8692
"Mahou Shoujo","Double-Cour (400-800m)",20,68.45,12506,68.1521,3.78943,0.847343,67.3047,68.9994
"Mahou Shoujo","Feature Films/Short Series (40-200m)",102,67.6275,7893,68.0075,3.7259,0.368919,67.6385,68.3764
"Mahou Shoujo","Long-Run (>2400m)",1,67,1997,67.0816,N/A,N/A,N/A,N/A
"Mahou Shoujo","Single-Cour (200-400m)",70,65.8429,24877,67.0291,4.49716,0.537513,66.4916,67.5666
"Mahou Shoujo","Short Films/Music Videos (<40m)",40,63.275,6548,65.894,3.10728,0.491305,65.4026,66.3853
"Mecha","Long-Run (>2400m)",2,71,10497,69.8678,4.46337,3.15608,66.7118,73.0239
"Mecha","Double-Cour (400-800m)",116,68.2241,36488,68.6045,4.68601,0.435085,68.1695,69.0396
"Mecha","Multi-Cour (800-2400m)",81,69.0988,8143,68.1811,2.75061,0.305623,67.8755,68.4867
"Mecha","Feature Films/Short Series (40-200m)",228,66.2632,13631,67.5827,4.21851,0.279378,67.3033,67.8621
"Mecha","Single-Cour (200-400m)",150,65.44,23346,66.7335,4.40644,0.359784,66.3737,67.0933
"Mecha","Short Films/Music Videos (<40m)",80,61.15,4967,65.5312,4.06884,0.45491,65.0763,65.9861
"Music","Double-Cour (400-800m)",25,71.2,50542,70.5535,5.55687,1.11137,69.4422,71.6649
"Music","Multi-Cour (800-2400m)",32,73,13022,69.7706,3.22977,0.570948,69.1997,70.3416
"Music","Feature Films/Short Series (40-200m)",148,69.6081,12866,69.4099,4.58991,0.377288,69.0326,69.7872
"Music","Single-Cour (200-400m)",156,67.2372,28116,68.5521,5.66351,0.453444,68.0987,69.0056
"Music","Long-Run (>2400m)",1,69,7524,68.0055,N/A,N/A,N/A,N/A
"Music","Short Films/Music Videos (<40m)",95,67.6632,6403,67.751,2.92988,0.3006,67.4504,68.0516
"Mystery","Multi-Cour (800-2400m)",23,73.913,96756,72.5578,6.67273,1.39136,71.1665,73.9492
"Mystery","Double-Cour (400-800m)",106,71.8585,75668,71.2885,6.3165,0.613512,70.6749,71.902
"Mystery","Feature Films/Short Series (40-200m)",224,71.2902,30546,70.7858,6.13477,0.409897,70.3759,71.1957
"Mystery","Single-Cour (200-400m)",278,69.8094,94119,70.1094,7.36094,0.44148,69.6679,70.5509
"Mystery","Long-Run (>2400m)",3,72.3333,11059,69.9406,4.07102,2.35041,67.5902,72.291
"Mystery","Short Films/Music Videos (<40m)",69,66.7826,10316,67.4964,4.00116,0.481683,67.0147,67.9781
"Psychological","Multi-Cour (800-2400m)",5,80.4,280192,79.1883,7.88229,3.52507,75.6633,82.7134
"Psychological","Double-Cour (400-800m)",67,73.6269,125004,73.213,7.57012,0.924837,72.2882,74.1378
"Psychological","Single-Cour (200-400m)",179,71.8268,126063,71.7359,7.64636,0.571515,71.1644,72.3075
"Psychological","Feature Films/Short Series (40-200m)",158,70.6899,47193,71.1421,7.92958,0.630844,70.5113,71.7729
"Psychological","Short Films/Music Videos (<40m)",59,65.5932,12330,67.1202,5.56398,0.724369,66.3958,67.8445
"Romance","Long-Run (>2400m)",5,75.2,46788,72.8076,3.13111,1.40028,71.4074,74.2079
"Romance","Double-Cour (400-800m)",188,71.4362,75991,70.9228,5.40808,0.394424,70.5284,71.3172
"Romance","Multi-Cour (800-2400m)",89,72.3034,19042,70.3504,3.69445,0.391611,69.9587,70.742
"Romance","Single-Cour (200-400m)",772,67.9573,68050,68.1997,5.80461,0.208913,67.9908,68.4086
"Romance","Feature Films/Short Series (40-200m)",568,66.3539,27691,68.0311,5.75352,0.241412,67.7897,68.2725
"Romance","Short Films/Music Videos (<40m)",361,64.5374,11388,66.7102,3.98619,0.209799,66.5004,66.92
"Sci Fi","Long-Run (>2400m)",17,73.2353,66866,72.7978,6.07092,1.47241,71.3253,74.2702
"Sci Fi","Double-Cour (400-800m)",257,69.393,53493,69.4579,5.23366,0.326467,69.1315,69.7844
"Sci Fi","Multi-Cour (800-2400m)",127,69.2047,13679,68.4816,3.84431,0.341127,68.1405,68.8227
"Sci Fi","Feature Films/Short Series (40-200m)",662,66.7704,17456,67.997,4.4831,0.174241,67.8227,68.1712
"Sci Fi","Single-Cour (200-400m)",494,66.1377,43567,67.359,5.92213,0.266449,67.0925,67.6254
"Sci Fi","Short Films/Music Videos (<40m)",245,63.3755,8642,66.41,4.34859,0.277821,66.1321,66.6878
"Slice of Life","Double-Cour (400-800m)",98,74.6633,91181,73.6817,5.93092,0.599113,73.0826,74.2808
"Slice of Life","Multi-Cour (800-2400m)",58,74.3621,16203,71.04,4.44196,0.583257,70.4567,71.6232
"Slice of Life","Single-Cour (200-400m)",658,70.8207,66791,70.6569,5.72428,0.223156,70.4337,70.88
"Slice of Life","Long-Run (>2400m)",13,72.2308,17916,70.1657,3.01028,0.834901,69.3308,71.0006
"Slice of Life","Feature Films/Short Series (40-200m)",429,69.7133,26269,69.3314,5.48632,0.264882,69.0665,69.5963
"Slice of Life","Short Films/Music Videos (<40m)",350,66.6514,10891,67.6328,3.52952,0.188661,67.4441,67.8215
"Sports","Double-Cour (400-800m)",73,73.5479,52418,72.4712,5.83165,0.682543,71.7887,73.1538
"Sports","Long-Run (>2400m)",10,72.5,18347,70.7389,3.37425,1.06703,69.6719,71.8059
"Sports","Multi-Cour (800-2400m)",51,71.6471,18555,70.3487,5.06757,0.709602,69.6391,71.0583
"Sports","Feature Films/Short Series (40-200m)",128,70.7188,13682,69.8325,4.87201,0.430629,69.4019,70.2632
"Sports","Single-Cour (200-400m)",138,68.1159,37556,68.753,6.40603,0.545317,68.2076,69.2983
"Sports","Short Films/Music Videos (<40m)",90,66.2778,7867,67.5278,3.34207,0.352285,67.1755,67.8801
"Supernatural","Long-Run (>2400m)",10,77.5,269138,77.0091,4.82983,1.52733,75.4818,78.5365
"Supernatural","Double-Cour (400-800m)",159,71.4843,111587,71.3598,6.51772,0.516889,70.8429,71.8766
"Supernatural","Multi-Cour (800-2400m)",36,71.3889,76543,70.7669,5.37719,0.896199,69.8707,71.6631
"Supernatural","Single-Cour (200-400m)",495,69.398,79462,69.5057,6.91087,0.31062,69.1951,69.8163
"Supernatural","Feature Films/Short Series (40-200m)",423,68.3783,32910,69.2771,6.06121,0.294706,68.9824,69.5718
"Supernatural","Short Films/Music Videos (<40m)",185,65.4162,13091,67.1369,3.77861,0.277809,66.859,67.4147
"Thriller","Multi-Cour (800-2400m)",3,81.6667,435380,80.5897,9.00139,5.19696,75.3928,85.7867
"Thriller","Double-Cour (400-800m)",31,77.1613,183944,76.638,7.25674,1.30335,75.3346,77.9413
"Thriller","Single-Cour (200-400m)",75,71.0667,120236,71.2789,7.37364,0.851435,70.4275,72.1303
"Thriller","Feature Films/Short Series (40-200m)",65,68.8462,37294,70.2836,7.10429,0.881178,69.4024,71.1647
"Thriller","Short Films/Music Videos (<40m)",14,62.7143,22925,66.5097,6.58392,1.75963,64.7501,68.2693
